ArealAttributionType,PoliceDistrict,PoliceMerhav,PoliceStation,Settlement_Council,StatArea,Quarter,StatisticCrimeGroup,StatisticCrimeType,TikimSum,0
"תיקים בטריטוריית תחנה שלא שוייכו לאזור סטטיסטי, או לישוב/מועצה",מחוז דרומי,מרחב אילת דרום,מרחב אילת דרום,אין,0,2021-Q3,0,0,1,
תיקים בישוב/מועצה שלא שוייכו לאזור סטטיסטי,מחוז חוף,מרחב לכיש,תחנת אשדוד לכיש,אילת,26000011,2022-Q1,עבירות כלכליות,עבירות על פקוח כלכלי,287,
תיקים באזור סטטיסטי,מחוז ירושלים,מרחב נגב,תחנת אשקלון לכיש,מועצה אזורית חבל אילות,26000012,2022-Q3,עבירות כלפי המוסר,החזקת סמים שלא לצריכה עצמית,358,
0,מחוז מרכז,מרחב אשר חוף,תחנת ק.מלאכי לכיש,מקום אחר,26000013,2017-Q1,עבירות כלפי הרכוש,"סחר,יבוא ויצוא סמים",373,
,מחוז צפון,מרחב כרמל חוף,תחנת קרית גת לכיש,אשדוד,26000014,2017-Q2,עבירות מרמה,שמוש בסמים מסוכנים,215,
,מחוז שי,מרחב מנשה חוף,תחנת שדרות לכיש,אשקלון,26000015,2017-Q3,עבירות נגד גוף,גניבה מתוך רכב,199,
,מחוז תא,מרחב דוד ירושלים,תחנת אופקים נגב,מועצה אזורית חבל יבנה,26000016,2017-Q4,עבירות סדר ציבורי,גניבות אחרות,301,
,0,מרחב ציון ירושלים,תחנת באר שבע נגב,מועצה אזורית חוף אשקלון,26000021,2018-Q1,עבירות רשוי,גניבת חלקי רכב,348,
,,מרחב קדם ירושלים,תחנת דימונה נגב,בני עי''ש,26000022,2018-Q2,קבוצת כל השאר,גרימת נזק לרכוש בזדון,254,
,,מרחב נתבג מרכז,תחנת העיירות נגב,גן יבנה,26000023,2018-Q3,עבירות מין,החזקת רכוש גנוב,280,
,,מרחב שפלה,תחנת נתיבות נגב,מועצה אזורית באר טוביה,26000024,2018-Q4,עבירות נגד אדם,התפרצות לבית דירה,32,
,,מרחב שרון,תחנת ערד נגב,מועצה אזורית גדרות,26000025,2019-Q1,עבירות תנועה,התפרצות לבתי עסק ומוסדות,29,
,,מרחב גליל צפון,תחנת ערוער נגב,מועצה אזורית יואב,26000031,2019-Q2,עבירות בטחון,חטיפת ארנקים,24,
,,מרחב כנרת צפון,תחנת רהט נגב,מועצה אזורית שפיר,26000032,2019-Q3,שאר עבירות,זיוף מסמכים והפצתם,20,
,,מרחב עמקים צפון,תחנת שגב שלום נגב,קרית מלאכי,26000033,2019-Q4,סעיפי הגדרה,מרמה ועושק,22,
,,מרחב יהודה שי,תחנת גליל מערבי מחוז חוף,מועצה אזורית לכיש,26000034,2020-Q1,עבירות מנהליות,עבירות הנוגעות לכרטיסי חיוב,38,
,,מרחב שומרון שי,תחנת זבולון מחוז חוף,קרית גת,26000035,2020-Q2,לא ידוע,(תקיפה (למעט עובדי ציבור,43,
,,מרחב איילון תא,תחנת נהריה מחוז חוף,רהט,26000036,2020-Q3,,חבלה גופנית חמורה,48,
,,מרחב דן תא,תחנת עכו מחוז חוף,מועצה אזורית שער הנגב,700111,2020-Q4,,רשלנות ופחזות פלילית,66,
,,מרחב יפתח תא,תחנת חיפה מחוז חוף,שדרות,700112,2021-Q1,,תקיפת עובדי צבור בתפקיד,44,
,,מרחב ירקון תא,תחנת טירת הכרמל חוף,אופקים,700113,2021-Q2,,איומים,35,
,,0,תחנת נשר מחוז חוף,מועצה אזורית אשכול,700121,2021-Q4,,הסגות גבול,58,
,,,תחנת אום אל פחם חוף,מועצה אזורית בני שמעון,700122,2022-Q2,,"מטרד, רעש וחסימת דרך",65,
,,,תחנת באקה אלערביה חוף,מועצה אזורית מרחבים,700123,0,,משחקים אסורים והימורים,2,
,,,תחנת גסר א-זרקא חוף,באר שבע,700124,,,עבירות הנוגעות לנחלת משפט,3,
,,,תחנת זכרון יעקב מחוז חוף,דימונה,700125,,,עבירות נגד הסדר הצבורי,88,
,,,תחנת חדרה מחוז חוף,ירוחם,700126,,,עבירות על חוק הכניסה לישראל,4,
,,,תחנת עירון מחוז חוף,מועצה אזורית הערבה התיכונה,700131,,,קטטות והפרעות ברחובות,7,
,,,מרחב דוד ירושלים,מועצה אזורית רמת נגב,700132,,,תקיפת והכשלת שוטר,5,
,,,תחנת בית שמש ציון,מועצה אזורית תמר,700133,,,עבירות תעבורה,31,
,,,תחנת הראל ציון,מצפה רמון,700141,,,סטיסטי כל השאר,19,
,,,תחנת לב הבירה ציון,חורה,700142,,,עבירות פיסקליות,6,
,,,תחנת מוריה ציון,לקיה,700143,,,פרסום דברי תועבה,10,
,,,תחנת עוז קדם,מועצה אזורית אל קסום,700144,,,"גניבה ע""י עובדים וסוכנים",11,
,,,תחנת שלם קדם,מועצה אזורית הר חברון,700145,,,גניבת אופניים,153,
,,,תחנת שפט קדם,מיתר,700211,,,הטרדה מינית,17,
,,,מרחב נתבג מרכז,מקום,700212,,,שאר עבירות מרמה,63,
,,,תחנת יבנה שפלה,עומר,700213,,,רצח,42,
,,,תחנת לוד שפלה,תל שבע,700221,,,פגיעה בפרטיות,12,
,,,תחנת מודיעין שפלה,מועצה אזורית שדות נגב,700222,,,תקיפת שוטר בנסיבות חמורות,16,
,,,תחנת ראשון לציון שפלה,נתיבות,700223,,,שכרות,18,
,,,תחנת רחובות שפלה,ערד,700231,,,הסתננות,13,
,,,תחנת רמלה שפלה,כסיפה,700232,,,החזקת כלי פריצה,57,
,,,תחנת טייבה שרון,מועצה אזורית נווה מדבר,700233,,,כייסות,147,
,,,תחנת טירה שרון,ערערה-בנגב,700234,,,קבלת רכוש גנוב,15,
,,,תחנת כפר סבא שרון,שגב-שלום,700241,,,תקיפה לשם גניבה,69,
,,,תחנת כפר קאסם שרון,להבים,700242,,,"מלאכות,תעשיות,עסקים",9,
,,,תחנת נתניה שרון,אבו סנאן,700243,,,עבירות טכניות,33,
,,,תחנת פתח תקוה שרון,ג'דיידה-מכר,700244,,,הצתה,60,
,,,תחנת ראש העין שרון,ג'וליס,700311,,,סחיטה,8,
,,,תחנת שדות שרון,ירכא,700312,,,גניבה שמוש רכב ללא רשות,46,
,,,תחנת טמרה גליל צפון,כפר יאסיף,700313,,,אחרים,28,
,,,תחנת כרמיאל גליל צפון,מועצה אזורית משגב,700314,,,נהיגה בתקופת פסילה,74,
,,,תחנת מגדל כרום גליל צפון,בסמת טבעון,700315,,,שאר עבירות,116,
,,,תחנת משגב גליל צפון,חיפה,700316,,,סעיפי הגדרה,21,
,,,תחנת שפרעם גליל צפון,מועצה אזורית זבולון,700317,,,"גידול,ייצור והפקת-סמים",39,
,,,תחנת גולן כנרת צפון,מועצה אזורית מטה אשר,700321,,,עבירות נגד הסביבה,122,
,,,תחנת טבריה כנרת צפון,מועצה אזורית עמק יזרעאל,700322,,,נסיון לרצח,70,
,,,תחנת ירדן כנרת צפון,קרית אתא,700323,,,קטטות והפרעות במוסדות,27,
,,,תחנת מעלות תרשיחא כנרת צפון,קרית ביאליק,700331,,,"נשק,תחמושת וחמרי נפץ",37,
,,,תחנת צפת כנרת צפון,קרית טבעון,700332,,,אי נקיטת אמצעי בטיחות,25,
,,,תחנת ק.שמונה כנרת צפון,קרית ים,700333,,,חניה אסורה,101,
,,,תחנת בית שאן עמקים צפון,קרית מוצקין,700341,,,הקמת מחסום,26,
,,,תחנת כפר כנא עמקים צפון,רכסים,700342,,,שוד,80,
,,,תחנת מגדל העמק עמקים צפון,מועצה אזורית מעלה יוסף,700343,,,עבירות הקשורות בדיני עבודה,59,
,,,תחנת נוף הגליל עמקים צפון,מזרעה,700411,,,עבירות מנהליות אחרות,156,
,,,תחנת נצרת עמקים צפון,נהריה,700412,,,גרימת מות ברשלנות,14,
,,,תחנת עפולה עמקים צפון,שלומי,700413,,,זיוף כסף ובולים,51,
,,,תחנת תבור צפון,עכו,700414,,,הפצת מחלות מין ומחלות אחרות,53,
,,,תחנת חברון יהודה,טירת כרמל,700415,,,עבירות המסכנות את בריאות הצבור,41,
,,,תחנת מעלה אדומים והבקעה יהודה,מועצה אזורית חוף הכרמל,700421,,,עינוגים ושעשועים צבוריים,94,
,,,תחנת עציון יהודה,דאלית אל כרמל,700422,,,שוד בנסיבות חמורות,108,
,,,תחנת אריאל מרחב שומרון,ישוב פלסטיני,700423,,,עבירות אחרות כלפי חיי אדם,23,
,,,תחנת בנימין שומרון,נשר,700424,,,נהיגה נגד הכוון בחד סטרי,87,
,,,תחנת מודיעין עילית שומרון,עספיא,700425,,,עבירות נגד המחשב,72,
,,,מרחב איילון תא,אום אל-פחם,700426,,,ידוי אבנים,99,
,,,תחנת בני ברק דן,בסמ''ה,700431,,,עבירות אחרות כלפי בטחון,83,
,,,תחנת גבעתיים מרחב דן,מועצה אזורית מגידו,700432,,,עבירות קניין רוחני,52,
,,,תחנת מסובים דן,מועצה אזורית מנשה,700433,,,פניה לא נכונה,45,
,,,תחנת בת ים יפתח,מעלה עירון,700434,,,לקויים מכניים,78,
,,,תחנת השכונות יפתח,באקה אל-גרביה,71000111,,,שדול למעשה זנות,64,
,,,תחנת חולון יפתח,ג'ת,71000112,,,עבירות כלפי המוסר,92,
,,,תחנת יפו יפתח,חריש,71000113,,,שוחד,36,
,,,תחנת שרת מרחב יפתח,ג'סר א זרקא,71000114,,,אי שמירת רווח,30,
,,,תחנת גלילות ירקון,בנימינה-גבעת עדה,71000121,,,אי מתן זכות קדימה להולך רגל,50,
,,,תחנת לב תא ירקון,זכרון יעקב,71000122,,,אי ציות לתמרור זכות קדימה,34,
,,,תחנת תא צפון ירקון,מועצה אזורית אלונה,71000123,,,אי ציות לתמרור עצור,49,
,,,תחנת מטה יהודה מגב י-ם,פוריידיס,71000124,,,חניה בתחום מוגבל,84,
,,,0,פרדס חנה-כרכור,71000125,,,עקיפה שלא כחוק,98,
,,,,אור עקיבא,71000126,,,משיכת שיק ללא כסוי,62,
,,,,אליכין,71000127,,,הריגה,67,
,,,,חדרה,71000211,,,הכשלת שוטר,56,
,,,,מועצה אזורית עמק חפר,71000212,,,אחר - כלפי גוף אדם,40,
,,,,כפר קרע,71000213,,,עבירות על חוקי חרום,77,
,,,,ערערה,71000214,,,עבירות ביחס לשירות הבטחון,73,
,,,,ירושלים,71000215,,,עבירות רשוי,138,
,,,,בית שמש,71000221,,,הפרעות במהלך בחירות תקין,82,
,,,,מועצה אזורית מטה יהודה,71000222,,,עבירות מין,106,
,,,,אבו גוש,71000223,,,עבירות על חוק עובדים זרים,110,
,,,,הר אדר,71000224,,,מהירות מופרזת בנסיבות המקרה,68,
,,,,מבשרת ציון,71000225,,,גניבות חקלאיות,55,
,,,,קרית יערים,71000226,,,עבירות סדר ציבורי,112,
,,,,גבעת זאב,71000311,,,אי ציות לרמזור,119,
,,,,מועצה אזורית מטה בנימין,71000312,,,שוטטות למטרות גניבה,128,
,,,,מועצה אזורית גוש עציון,71000313,,,מניעת גניבות כלי רכב,105,
,,,,רמת גן,71000314,,,עבירות המיוחסות לדת,100,
,,,,גדרה,71000315,,,שאר עבירות הקשורות ברכוש,133,
,,,,יבנה,71000316,,,התקהלות או התאגדות,123,
,,,,מועצה אזורית ברנר,71000321,,,התבטאויות גזעניות,54,
,,,,מועצה אזורית גן רווה,71000322,,,בגידה ורגול,115,
,,,,מועצה אזורית נחל שורק,71000323,,,מסירת סודות רשמיים,47,
,,,,לוד,71000324,,,עבירות בטחון,85,
,,,,מועצה אזורית חבל מודיעין,10660001,,,התנהגות רוכבי אופניים,113,
,,,,מועצה אזורית עמק לוד,1660001,,,הכשלת עובד ציבור,107,
,,,,רמלה,1660002,,,שמוש בדרך שלא כחוק,142,
,,,,מודיעין-מכבים-רעות,1660003,,,עבירות שירות בטחון-ציוד,129,
,,,,מועצה אזורית גזר,1660004,,,מעשה מגונה שלא בכח,175,
,,,,בית דגן,10340001,,,נשיאה וייצור סכינים ופגיונות,187,
,,,,בת ים,10340002,,,אי מתן זכות קדימה לרכב,219,
,,,,ראשון לציון,10340003,,,עבירות כלכליות,180,
,,,,מזכרת בתיה,10340004,,,עבירות הנוגעות לנשואין,75,
,,,,נס ציונה,10340005,,,סרסרות לזנות,76,
,,,,קרית עקרון,10340006,,,שדול לעסוק בזנות,89,
,,,,רחובות,10340007,,,עבירות נגד גוף,145,
,,,,באר יעקב,10340008,,,חובות מוסדות ובעלי מקצוע,81,
,,,,זמר,26300011,,,נהול או החזקת בית בושת,61,
,,,,טייבה,26300012,,,הסתה,86,
,,,,מועצה אזורית דרום השרון,26300013,,,"חטיפה,כפייה ומאסר שווא",177,
,,,,מועצה אזורית לב השרון,26300014,,,עבירות תוך נסיעה קלות,137,
,,,,קלנסווה,26300015,,,"גניבה ע""י עובד צבור",134,
,,,,טירה,26300021,,,עבירות כלפי הרכוש,143,
,,,,כוכב יאיר,26300022,,,עבירות מרמה,71,
,,,,מועצה אזורית שומרון,26300023,,,השלכת בקבוק תבערה - בטחון,97,
,,,,הוד השרון,26300024,,,נסיעה לאחור,140,
,,,,כפר סבא,26300025,,,פגיעה בבעלי - חיים,91,
,,,,פתח תקווה,26300026,,,מהירות מופרזת לגבי החוק,104,
,,,,רעננה,26300031,,,סחר והחזקה בחלקי רכב גנובים,90,
,,,,ג'לג'וליה,26300032,,,רדיו וטלויזיה,114,
,,,,כפר ברא,26300033,,,הנמצא מזוין לבצוע פשע,151,
,,,,כפר קאסם,26300034,,,הצתה על רקע לאומני,125,
,,,,ראש העין,26300035,,,אי ציות לתמרור הוריה אחר,154,
,,,,נתניה,26300036,,,ספסרות בכרטיסי מופעים,139,
,,,,אלעד,26300037,,,אינוס בכח או באיומים,171,
,,,,שוהם,10310001,,,חוסר תאורה,163,
,,,,אבן יהודה,10310002,,,שוטטות למטרת זנות,150,
,,,,כפר יונה,10310003,,,מעשה מגונה בכח,182,
,,,,מועצה אזורית חוף השרון,10310004,,,התנהגות הולכי רגל,146,
,,,,פרדסיה,10310005,,,"(עבירות אמל""ח (אמצעי לחימה",141,
,,,,קדימה צורן,10310006,,,קניין רוחני,95,
,,,,תל מונד,10310007,,,זיוף סימני זיהוי של רכב,79,
,,,,טמרה,310001,,,"רצח ע""י פעולת איבה",179,
,,,,כאבול,310002,,,גרימת מות ברשלנות - ת.ד.,130,
,,,,שעב,310003,,,אינוס ובעילה שלא כחוק,131,
,,,,בית ג'ן,310004,,,הגה בלתי תקין,167,
,,,,כרמיאל,310005,,,מרד והסתה למרד,200,
,,,,מועצה אזורית מרום הגליל,310006,,,השכלה גבוהה,221,
,,,,סאג'ור,310007,,,איום ברצח,194,
,,,,ראמה,90000111,,,אי שמירה על הימין,205,
,,,,ביענה,90000112,,,הנפת דגל פלסטין,273,
,,,,דייר אל אסד,90000113,,,חגורות בטיחות,235,
,,,,מג'ד אל כרום,90000121,,,השלכת בקבוק תבערה,202,
,,,,נחף,90000122,,,מטען שלא כחוק,227,
,,,,דייר חנא,90000123,,,לא ידוע,208,
,,,,כאוכב אבו אל היגא,90000131,,,אי ציות לחיצי נתיבים,103,
,,,,כפר מנדא,90000132,,,הקמת מחסום - בטחון,124,
,,,,סח'נין,90000133,,,ניצול קטינים לזנות,93,
,,,,עראבה,90000211,,,,127,
,,,,אעבלין,90000212,,,,168,
,,,,ביר אל מכסור,90000213,,,,198,
,,,,שפרעם,90000214,,,,222,
,,,,בוקעתא,90000215,,,,186,
,,,,מג'דל שמס,90000216,,,,243,
,,,,מועצה אזורית גולן,90000221,,,,237,
,,,,מסעדה,90000222,,,,232,
,,,,עין קנייא,90000223,,,,162,
,,,,קצרין,90000224,,,,158,
,,,,בועיינה נוג'יידאת,90000225,,,,271,
,,,,טבריה,90000226,,,,303,
,,,,יבנאל,90000234,,,,343,
,,,,כפר כמא,90000311,,,,255,
,,,,מגאר,90000312,,,,263,
,,,,מגדל,90000313,,,,297,
,,,,מועצה אזורית אל-בטוף,90000314,,,,372,
,,,,מועצה אזורית הגליל העליון,90000411,,,,312,
,,,,מועצה אזורית הגליל התחתון,90000412,,,,533,
,,,,מועצה אזורית עמק הירדן,90000413,,,,534,
,,,,עיילבון,90000414,,,,611,
,,,,חצור הגלילית,90000415,,,,652,
,,,,טובא זנגריה,90000421,,,,642,
,,,,יסוד המעלה,90000422,,,,637,
,,,,יקנעם עילית,90000423,,,,670,
,,,,מועצה אזורית מבואות החרמון,90000431,,,,801,
,,,,ראש פינה,90000432,,,,845,
,,,,חורפיש,90000433,,,,738,
,,,,יאנוח-ג'ת,90000434,,,,664,
,,,,כסרא-סמיע,90000511,,,,706,
,,,,כפר ורדים,90000512,,,,653,
,,,,מעיליא,90000513,,,,726,
,,,,מעלות-תרשיחא,90000521,,,,627,
,,,,פסוטה,90000522,,,,160,
,,,,פקיעין,90000523,,,,149,
,,,,ג'יש,90000611,,,,165,
,,,,צפת,90000612,,,,126,
,,,,מטולה,90000613,,,,157,
,,,,ע'ג'ר,90000614,,,,214,
,,,,קרית שמונה,90000621,,,,188,
,,,,בית שאן,90000624,,,,207,
,,,,מועצה אזורית הגלבוע,90000631,,,,190,
,,,,מועצה אזורית עמק המעיינות,90000632,,,,233,
,,,,טורעאן,90000633,,,,220,
,,,,כפר כנא,90000634,,,,144,
,,,,משהד,90000641,,,,135,
,,,,נוף הגליל,90000642,,,,111,
,,,,זרזיר,90000643,,,,96,
,,,,כעביה טבאש חג'אג'רה,90000644,,,,118,
,,,,מגדל העמק,90000645,,,,102,
,,,,רמת ישי,90000646,,,,257,
,,,,עין מאהל,22000001,,,,251,
,,,,יפיע,22000002,,,,293,
,,,,נצרת,22000003,,,,270,
,,,,עילוט,22000004,,,,417,
,,,,ריינה,22000005,,,,314,
,,,,אכסאל,22000006,,,,318,
,,,,דבוריה,22000007,,,,298,
,,,,מועצה אזורית בוסתן-אל-מרג',22000008,,,,327,
,,,,עפולה,22000009,,,,322,
,,,,שבלי,22000010,,,,369,
,,,,כפר תבור,22000011,,,,356,
,,,,קרית ארבע,22000012,,,,339,
,,,,מועצה אזורית מגילות ים המלח,8310001,,,,350,
,,,,מעלה אדומים,990001,,,,383,
,,,,אפרת,13030001,,,,328,
,,,,ביתר עילית,10600001,,,,309,
,,,,אורנית,12680001,,,,333,
,,,,אלפי מנשה,6660001,,,,368,
,,,,אלקנה,10540001,,,,166,
,,,,אריאל,10540002,,,,178,
,,,,עמנואל,10540003,,,,224,
,,,,קדומים,2460001,,,,281,
,,,,קרני שומרון,2460002,,,,278,
,,,,בית אל,2460003,,,,234,
,,,,מועצה אזורית ערבות הירדן,2460004,,,,239,
,,,,מעלה אפרים,2460005,,,,169,
,,,,בית אריה,2460006,,,,305,
,,,,מודיעין עילית,2460007,,,,216,
,,,,חולון,2460008,,,,295,
,,,,תל אביב יפו,25600001,,,,197,
,,,,בני ברק,25600002,,,,228,
,,,,גבעתיים,25600003,,,,279,
,,,,אור יהודה,25600004,,,,435,
,,,,גבעת שמואל,25600005,,,,351,
,,,,גני תקווה,25600006,,,,306,
,,,,יהוד-מונוסון,10590001,,,,370,
,,,,סביון,11920001,,,,332,
,,,,קרית אונו,11920002,,,,335,
,,,,אזור,11920003,,,,248,
,,,,הרצליה,12860001,,,,296,
,,,,כפר שמריהו,12710001,,,,256,
,,,,רמת השרון,11610001,,,,313,
,,,,0,11610002,,,,304,
,,,,,11610003,,,,164,
,,,,,11610004,,,,174,
,,,,,11610005,,,,132,
,,,,,11610006,,,,109,
,,,,,11610007,,,,136,
,,,,,11610008,,,,120,
,,,,,11610009,,,,531,
,,,,,11610010,,,,669,
,,,,,11610011,,,,551,
,,,,,4730002,,,,501,
,,,,,12920001,,,,673,
,,,,,12920002,,,,493,
,,,,,12920003,,,,525,
,,,,,12920004,,,,210,
,,,,,4850001,,,,337,
,,,,,5020002,,,,319,
,,,,,5020003,,,,430,
,,,,,5070001,,,,291,
,,,,,9440001,,,,148,
,,,,,40000111,,,,159,
,,,,,40000112,,,,121,
,,,,,40000121,,,,241,
,,,,,40000122,,,,231,
,,,,,40000123,,,,266,
,,,,,40000131,,,,316,
,,,,,40000132,,,,261,
,,,,,40000133,,,,258,
,,,,,40000134,,,,329,
,,,,,40000135,,,,341,
,,,,,40000211,,,,249,
,,,,,40000212,,,,455,
,,,,,40000213,,,,423,
,,,,,40000221,,,,398,
,,,,,40000222,,,,481,
,,,,,40000231,,,,491,
,,,,,40000921,,,,490,
,,,,,68000011,,,,434,
,,,,,68000012,,,,475,
,,,,,68000013,,,,364,
,,,,,68000014,,,,352,
,,,,,68000021,,,,376,
,,,,,68000022,,,,418,
,,,,,68000023,,,,397,
,,,,,68000024,,,,394,
,,,,,68000025,,,,381,
,,,,,68000031,,,,346,
,,,,,68000032,,,,452,
,,,,,68000033,,,,366,
,,,,,95000001,,,,382,
,,,,,95000002,,,,363,
,,,,,95000003,,,,172,
,,,,,95000004,,,,173,
,,,,,95000005,,,,209,
,,,,,95000006,,,,176,
,,,,,95000007,,,,161,
,,,,,95000008,,,,152,
,,,,,95000009,,,,331,
,,,,,95000010,,,,275,
,,,,,95000011,,,,365,
,,,,,23000001,,,,289,
,,,,,23000002,,,,267,
,,,,,23000003,,,,282,
,,,,,23000004,,,,431,
,,,,,96000011,,,,317,
,,,,,96000012,,,,359,
,,,,,96000013,,,,283,
,,,,,96000014,,,,272,
,,,,,96000021,,,,252,
,,,,,96000022,,,,320,
,,,,,96000023,,,,260,
,,,,,96000024,,,,195,
,,,,,96000025,,,,191,
,,,,,96000031,,,,185,
,,,,,96000032,,,,203,
,,,,,96000033,,,,204,
,,,,,96000034,,,,225,
,,,,,82000011,,,,181,
,,,,,82000012,,,,117,
,,,,,82000013,,,,336,
,,,,,82000014,,,,392,
,,,,,82000021,,,,470,
,,,,,82000022,,,,353,
,,,,,82000023,,,,375,
,,,,,82000031,,,,387,
,,,,,82000032,,,,380,
,,,,,82000033,,,,300,
,,,,,82000034,,,,284,
,,,,,9220001,,,,340,
,,,,,5170001,,,,269,
,,,,,91000011,,,,344,
,,,,,91000012,,,,299,
,,,,,91000013,,,,155,
,,,,,91000014,,,,170,
,,,,,91000021,,,,213,
,,,,,91000022,,,,212,
,,,,,91000023,,,,236,
,,,,,91000024,,,,193,
,,,,,91000031,,,,192,
,,,,,91000032,,,,183,
,,,,,91000033,,,,217,
,,,,,91000034,,,,411,
,,,,,91000041,,,,433,
,,,,,91000042,,,,441,
,,,,,91000043,,,,595,
,,,,,8120001,,,,422,
,,,,,76000011,,,,442,
,,,,,76000012,,,,425,
,,,,,76000013,,,,345,
,,,,,76000014,,,,361,
,,,,,76000015,,,,315,
,,,,,76000021,,,,362,
,,,,,76000022,,,,379,
,,,,,76000023,,,,367,
,,,,,76000024,,,,396,
,,,,,76000025,,,,413,
,,,,,76000026,,,,230,
,,,,,76000031,,,,238,
,,,,,76000032,,,,226,
,,,,,76000033,,,,505,
,,,,,76000034,,,,457,
,,,,,76000035,,,,566,
,,,,,40000214,,,,571,
,,,,,40000223,,,,516,
,,,,,40000232,,,,467,
,,,,,40000311,,,,524,
,,,,,40000314,,,,615,
,,,,,40000321,,,,529,
,,,,,40000324,,,,576,
,,,,,40000331,,,,548,
,,,,,40000332,,,,613,
,,,,,40000333,,,,557,
,,,,,40000334,,,,577,
,,,,,40000411,,,,614,
,,,,,40000412,,,,624,
,,,,,40000413,,,,660,
,,,,,40000414,,,,565,
,,,,,40000417,,,,563,
,,,,,40000418,,,,538,
,,,,,40000421,,,,276,
,,,,,40000422,,,,573,
,,,,,40000423,,,,218,
,,,,,40000424,,,,240,
,,,,,40000425,,,,426,
,,,,,40000426,,,,223,
,,,,,40000431,,,,633,
,,,,,40000432,,,,262,
,,,,,40000433,,,,274,
,,,,,40000434,,,,468,
,,,,,40000511,,,,244,
,,,,,40000512,,,,1188,
,,,,,40000513,,,,410,
,,,,,40000514,,,,905,
,,,,,40000521,,,,347,
,,,,,40000522,,,,814,
,,,,,40000523,,,,324,
,,,,,40000524,,,,626,
,,,,,40000525,,,,250,
,,,,,40000526,,,,604,
,,,,,40000527,,,,400,
,,,,,40000528,,,,307,
,,,,,40000531,,,,537,
,,,,,40000532,,,,355,
,,,,,40000533,,,,294,
,,,,,40000611,,,,265,
,,,,,40000612,,,,286,
,,,,,40000613,,,,311,
,,,,,40000621,,,,211,
,,,,,40000622,,,,253,
,,,,,40000623,,,,246,
,,,,,40000631,,,,229,
,,,,,40000632,,,,310,
,,,,,40000633,,,,388,
,,,,,40000634,,,,429,
,,,,,40000641,,,,390,
,,,,,40000642,,,,264,
,,,,,40000643,,,,245,
,,,,,40000644,,,,268,
,,,,,40000711,,,,0,
,,,,,40000712,,,,,
,,,,,40000713,,,,,
,,,,,40000714,,,,,
,,,,,40000715,,,,,
,,,,,40000721,,,,,
,,,,,40000722,,,,,
,,,,,40000723,,,,,
,,,,,40000731,,,,,
,,,,,40000732,,,,,
,,,,,40000733,,,,,
,,,,,40000811,,,,,
,,,,,40000812,,,,,
,,,,,40000813,,,,,
,,,,,40000821,,,,,
,,,,,40000822,,,,,
,,,,,40000823,,,,,
,,,,,40000824,,,,,
,,,,,40000825,,,,,
,,,,,40000911,,,,,
,,,,,40000912,,,,,
,,,,,40000922,,,,,
,,,,,40000931,,,,,
,,,,,40000932,,,,,
,,,,,40000933,,,,,
,,,,,40000934,,,,,
,,,,,40000941,,,,,
,,,,,40000942,,,,,
,,,,,40000943,,,,,
,,,,,40000944,,,,,
,,,,,40000945,,,,,
,,,,,40000124,,,,,
,,,,,21000001,,,,,
,,,,,21000002,,,,,
,,,,,21000003,,,,,
,,,,,21000004,,,,,
,,,,,21000005,,,,,
,,,,,21000006,,,,,
,,,,,21000007,,,,,
,,,,,4940001,,,,,
,,,,,4940002,,,,,
,,,,,4940003,,,,,
,,,,,4940004,,,,,
,,,,,4940005,,,,,
,,,,,25000001,,,,,
,,,,,25000002,,,,,
,,,,,25000003,,,,,
,,,,,25000004,,,,,
,,,,,25000005,,,,,
,,,,,25000006,,,,,
,,,,,25000007,,,,,
,,,,,5340001,,,,,
,,,,,27100011,,,,,
,,,,,27100012,,,,,
,,,,,27100013,,,,,
,,,,,27100014,,,,,
,,,,,27100015,,,,,
,,,,,27100021,,,,,
,,,,,27100022,,,,,
,,,,,27100031,,,,,
,,,,,27100032,,,,,
,,,,,27100033,,,,,
,,,,,27100034,,,,,
,,,,,13260001,,,,,
,,,,,13270001,,,,,
,,,,,13270002,,,,,
,,,,,13270003,,,,,
,,,,,13270004,,,,,
,,,,,60000001,,,,,
,,,,,60000002,,,,,
,,,,,60000004,,,,,
,,,,,60000006,,,,,
,,,,,12470001,,,,,
,,,,,5410003,,,,,
,,,,,98000001,,,,,
,,,,,98000002,,,,,
,,,,,98000003,,,,,
,,,,,98000004,,,,,
,,,,,93000001,,,,,
,,,,,93000002,,,,,
,,,,,93000003,,,,,
,,,,,93000004,,,,,
,,,,,5370001,,,,,
,,,,,5370002,,,,,
,,,,,5370003,,,,,
,,,,,78000001,,,,,
,,,,,78000002,,,,,
,,,,,78000003,,,,,
,,,,,78000004,,,,,
,,,,,78000005,,,,,
,,,,,78000006,,,,,
,,,,,78000007,,,,,
,,,,,78000008,,,,,
,,,,,78000009,,,,,
,,,,,78000010,,,,,
,,,,,10200001,,,,,
,,,,,10200002,,,,,
,,,,,10200003,,,,,
,,,,,10200004,,,,,
,,,,,10200005,,,,,
,,,,,410001,,,,,
,,,,,65000011,,,,,
,,,,,65000012,,,,,
,,,,,65000013,,,,,
,,,,,65000021,,,,,
,,,,,65000022,,,,,
,,,,,65000023,,,,,
,,,,,65000024,,,,,
,,,,,65000031,,,,,
,,,,,65000032,,,,,
,,,,,65000041,,,,,
,,,,,65000042,,,,,
,,,,,65000043,,,,,
,,,,,65000044,,,,,
,,,,,65000045,,,,,
,,,,,65000051,,,,,
,,,,,65000052,,,,,
,,,,,65000053,,,,,
,,,,,65000061,,,,,
,,,,,65000062,,,,,
,,,,,65000063,,,,,
,,,,,65000064,,,,,
,,,,,65000065,,,,,
,,,,,6540001,,,,,
,,,,,6540002,,,,,
,,,,,6540003,,,,,
,,,,,6540004,,,,,
,,,,,6370001,,,,,
,,,,,6370002,,,,,
,,,,,6370003,,,,,
,,,,,6370004,,,,,
,,,,,30000811,,,,,
,,,,,30000824,,,,,
,,,,,30000826,,,,,
,,,,,30001337,,,,,
,,,,,30002112,,,,,
,,,,,30002412,,,,,
,,,,,30002511,,,,,
,,,,,30002512,,,,,
,,,,,30002513,,,,,
,,,,,30002514,,,,,
,,,,,30002612,,,,,
,,,,,30002811,,,,,
,,,,,26100011,,,,,
,,,,,26100012,,,,,
,,,,,26100013,,,,,
,,,,,26100014,,,,,
,,,,,26100015,,,,,
,,,,,26100016,,,,,
,,,,,26100017,,,,,
,,,,,26100021,,,,,
,,,,,26100022,,,,,
,,,,,26100023,,,,,
,,,,,26100024,,,,,
,,,,,26100025,,,,,
,,,,,26100026,,,,,
,,,,,26100027,,,,,
,,,,,26100031,,,,,
,,,,,26100032,,,,,
,,,,,26100033,,,,,
,,,,,26100034,,,,,
,,,,,26100035,,,,,
,,,,,26100036,,,,,
,,,,,26100037,,,,,
,,,,,26100038,,,,,
,,,,,4720001,,,,,
,,,,,37690001,,,,,
,,,,,30000925,,,,,
,,,,,10150001,,,,,
,,,,,10150002,,,,,
,,,,,10150003,,,,,
,,,,,10150004,,,,,
,,,,,10150005,,,,,
,,,,,10150006,,,,,
,,,,,11370001,,,,,
,,,,,37300001,,,,,
,,,,,37300002,,,,,
,,,,,37300003,,,,,
,,,,,37300004,,,,,
,,,,,30000411,,,,,
,,,,,30000412,,,,,
,,,,,30000413,,,,,
,,,,,30000421,,,,,
,,,,,30000422,,,,,
,,,,,30000423,,,,,
,,,,,30000424,,,,,
,,,,,30000425,,,,,
,,,,,30000426,,,,,
,,,,,30000431,,,,,
,,,,,30000432,,,,,
,,,,,30000433,,,,,
,,,,,30000434,,,,,
,,,,,30000435,,,,,
,,,,,30000436,,,,,
,,,,,30000511,,,,,
,,,,,30000512,,,,,
,,,,,30000513,,,,,
,,,,,30000514,,,,,
,,,,,30000515,,,,,
,,,,,30000521,,,,,
,,,,,30000522,,,,,
,,,,,30000523,,,,,
,,,,,30000531,,,,,
,,,,,30000532,,,,,
,,,,,30000533,,,,,
,,,,,30000812,,,,,
,,,,,30000821,,,,,
,,,,,30000822,,,,,
,,,,,30000823,,,,,
,,,,,30000825,,,,,
,,,,,30000831,,,,,
,,,,,30000832,,,,,
,,,,,30000833,,,,,
,,,,,30000834,,,,,
,,,,,30000835,,,,,
,,,,,30000836,,,,,
,,,,,30000841,,,,,
,,,,,30000842,,,,,
,,,,,30000843,,,,,
,,,,,30000846,,,,,
,,,,,30000847,,,,,
,,,,,30000848,,,,,
,,,,,30000851,,,,,
,,,,,30000852,,,,,
,,,,,30000853,,,,,
,,,,,30000854,,,,,
,,,,,30000855,,,,,
,,,,,30000856,,,,,
,,,,,30000857,,,,,
,,,,,30000858,,,,,
,,,,,30000861,,,,,
,,,,,30000862,,,,,
,,,,,30000863,,,,,
,,,,,30000911,,,,,
,,,,,30000912,,,,,
,,,,,30000913,,,,,
,,,,,30000914,,,,,
,,,,,30000915,,,,,
,,,,,30000916,,,,,
,,,,,30000921,,,,,
,,,,,30000922,,,,,
,,,,,30000924,,,,,
,,,,,30001016,,,,,
,,,,,30001021,,,,,
,,,,,30001321,,,,,
,,,,,30001322,,,,,
,,,,,30001334,,,,,
,,,,,30002211,,,,,
,,,,,30000115,,,,,
,,,,,30000122,,,,,
,,,,,30000123,,,,,
,,,,,30000135,,,,,
,,,,,30000541,,,,,
,,,,,30000542,,,,,
,,,,,30000543,,,,,
,,,,,30000864,,,,,
,,,,,30000923,,,,,
,,,,,30000931,,,,,
,,,,,30000932,,,,,
,,,,,30000933,,,,,
,,,,,30000934,,,,,
,,,,,30001011,,,,,
,,,,,30001012,,,,,
,,,,,30001013,,,,,
,,,,,30001014,,,,,
,,,,,30001015,,,,,
,,,,,30001022,,,,,
,,,,,30001023,,,,,
,,,,,30001024,,,,,
,,,,,30001031,,,,,
,,,,,30001032,,,,,
,,,,,30001033,,,,,
,,,,,30001034,,,,,
,,,,,30001035,,,,,
,,,,,30001041,,,,,
,,,,,30001042,,,,,
,,,,,30001043,,,,,
,,,,,30001044,,,,,
,,,,,30001113,,,,,
,,,,,30001114,,,,,
,,,,,30001115,,,,,
,,,,,30001116,,,,,
,,,,,30001121,,,,,
,,,,,30001122,,,,,
,,,,,30001123,,,,,
,,,,,30001124,,,,,
,,,,,30001131,,,,,
,,,,,30001132,,,,,
,,,,,30001133,,,,,
,,,,,30001134,,,,,
,,,,,30001141,,,,,
,,,,,30001142,,,,,
,,,,,30001143,,,,,
,,,,,30001144,,,,,
,,,,,30001146,,,,,
,,,,,30001147,,,,,
,,,,,30001211,,,,,
,,,,,30001212,,,,,
,,,,,30001213,,,,,
,,,,,30001214,,,,,
,,,,,30001215,,,,,
,,,,,30001216,,,,,
,,,,,30001217,,,,,
,,,,,30001221,,,,,
,,,,,30001222,,,,,
,,,,,30001223,,,,,
,,,,,30001311,,,,,
,,,,,30001312,,,,,
,,,,,30001313,,,,,
,,,,,30001314,,,,,
,,,,,30001333,,,,,
,,,,,30001335,,,,,
,,,,,30001336,,,,,
,,,,,30001341,,,,,
,,,,,30001343,,,,,
,,,,,30001344,,,,,
,,,,,30001345,,,,,
,,,,,30001346,,,,,
,,,,,30001355,,,,,
,,,,,30001621,,,,,
,,,,,30001625,,,,,
,,,,,30001631,,,,,
,,,,,30001632,,,,,
,,,,,30001633,,,,,
,,,,,30001634,,,,,
,,,,,30001641,,,,,
,,,,,30001642,,,,,
,,,,,30001643,,,,,
,,,,,30001644,,,,,
,,,,,30002111,,,,,
,,,,,30002212,,,,,
,,,,,30002213,,,,,
,,,,,30002311,,,,,
,,,,,30002312,,,,,
,,,,,30002411,,,,,
,,,,,30002611,,,,,
,,,,,30002613,,,,,
,,,,,30002711,,,,,
,,,,,30002812,,,,,
,,,,,30002911,,,,,
,,,,,30001342,,,,,
,,,,,30001351,,,,,
,,,,,30001352,,,,,
,,,,,30001353,,,,,
,,,,,30001354,,,,,
,,,,,30001622,,,,,
,,,,,30001623,,,,,
,,,,,30001624,,,,,
,,,,,30001626,,,,,
,,,,,30000111,,,,,
,,,,,30000112,,,,,
,,,,,30000113,,,,,
,,,,,30000114,,,,,
,,,,,30000116,,,,,
,,,,,30000121,,,,,
,,,,,30000124,,,,,
,,,,,30000125,,,,,
,,,,,30000131,,,,,
,,,,,30000132,,,,,
,,,,,30000133,,,,,
,,,,,30000134,,,,,
,,,,,30000136,,,,,
,,,,,25500001,,,,,
,,,,,25500002,,,,,
,,,,,25500003,,,,,
,,,,,25500004,,,,,
,,,,,25500005,,,,,
,,,,,26600001,,,,,
,,,,,26600002,,,,,
,,,,,26600003,,,,,
,,,,,26600004,,,,,
,,,,,26600005,,,,,
,,,,,26600006,,,,,
,,,,,26600007,,,,,
,,,,,26600008,,,,,
,,,,,26600009,,,,,
,,,,,70000011,,,,,
,,,,,70000012,,,,,
,,,,,70000013,,,,,
,,,,,70000014,,,,,
,,,,,70000015,,,,,
,,,,,70000021,,,,,
,,,,,70000022,,,,,
,,,,,70000023,,,,,
,,,,,70000024,,,,,
,,,,,70000025,,,,,
,,,,,70000031,,,,,
,,,,,70000032,,,,,
,,,,,70000041,,,,,
,,,,,70000042,,,,,
,,,,,70000043,,,,,
,,,,,70000044,,,,,
,,,,,70000051,,,,,
,,,,,70000052,,,,,
,,,,,70000053,,,,,
,,,,,70000054,,,,,
,,,,,12000011,,,,,
,,,,,12000012,,,,,
,,,,,12000013,,,,,
,,,,,12000014,,,,,
,,,,,12000015,,,,,
,,,,,12000016,,,,,
,,,,,12000017,,,,,
,,,,,12000021,,,,,
,,,,,12000022,,,,,
,,,,,12000023,,,,,
,,,,,12000024,,,,,
,,,,,12000025,,,,,
,,,,,12000026,,,,,
,,,,,12000031,,,,,
,,,,,12000032,,,,,
,,,,,12000033,,,,,
,,,,,12000034,,,,,
,,,,,12000041,,,,,
,,,,,12000042,,,,,
,,,,,12000043,,,,,
,,,,,4660001,,,,,
,,,,,62000228,,,,,
,,,,,83000111,,,,,
,,,,,83000112,,,,,
,,,,,83000113,,,,,
,,,,,83000114,,,,,
,,,,,83000115,,,,,
,,,,,83000116,,,,,
,,,,,83000117,,,,,
,,,,,83000121,,,,,
,,,,,83000122,,,,,
,,,,,83000123,,,,,
,,,,,83000124,,,,,
,,,,,83000125,,,,,
,,,,,83000126,,,,,
,,,,,83000211,,,,,
,,,,,83000212,,,,,
,,,,,83000213,,,,,
,,,,,83000214,,,,,
,,,,,83000215,,,,,
,,,,,83000221,,,,,
,,,,,83000222,,,,,
,,,,,83000223,,,,,
,,,,,83000224,,,,,
,,,,,83000225,,,,,
,,,,,83000311,,,,,
,,,,,83000312,,,,,
,,,,,83000313,,,,,
,,,,,83000314,,,,,
,,,,,83000315,,,,,
,,,,,83000411,,,,,
,,,,,83000412,,,,,
,,,,,83000413,,,,,
,,,,,83000421,,,,,
,,,,,83000422,,,,,
,,,,,83000423,,,,,
,,,,,83000424,,,,,
,,,,,83000425,,,,,
,,,,,83000426,,,,,
,,,,,83000427,,,,,
,,,,,83000511,,,,,
,,,,,83000512,,,,,
,,,,,83000513,,,,,
,,,,,83000514,,,,,
,,,,,83000515,,,,,
,,,,,83000516,,,,,
,,,,,83000521,,,,,
,,,,,83000522,,,,,
,,,,,83000523,,,,,
,,,,,83000524,,,,,
,,,,,83000531,,,,,
,,,,,83000532,,,,,
,,,,,83000533,,,,,
,,,,,83000534,,,,,
,,,,,83000611,,,,,
,,,,,83000612,,,,,
,,,,,83000613,,,,,
,,,,,83000614,,,,,
,,,,,83000615,,,,,
,,,,,83000616,,,,,
,,,,,83000617,,,,,
,,,,,83000621,,,,,
,,,,,83000622,,,,,
,,,,,83000623,,,,,
,,,,,83000624,,,,,
,,,,,83000625,,,,,
,,,,,280001,,,,,
,,,,,72000001,,,,,
,,,,,72000002,,,,,
,,,,,72000003,,,,,
,,,,,72000004,,,,,
,,,,,72000005,,,,,
,,,,,72000006,,,,,
,,,,,72000007,,,,,
,,,,,72000008,,,,,
,,,,,72000009,,,,,
,,,,,72000010,,,,,
,,,,,72000011,,,,,
,,,,,4690001,,,,,
,,,,,4690002,,,,,
,,,,,4690003,,,,,
,,,,,4690004,,,,,
,,,,,84000111,,,,,
,,,,,84000112,,,,,
,,,,,84000113,,,,,
,,,,,84000114,,,,,
,,,,,84000115,,,,,
,,,,,84000116,,,,,
,,,,,84000117,,,,,
,,,,,84000121,,,,,
,,,,,84000122,,,,,
,,,,,84000123,,,,,
,,,,,84000124,,,,,
,,,,,84000211,,,,,
,,,,,84000212,,,,,
,,,,,84000213,,,,,
,,,,,84000214,,,,,
,,,,,84000221,,,,,
,,,,,84000222,,,,,
,,,,,84000231,,,,,
,,,,,84000232,,,,,
,,,,,84000311,,,,,
,,,,,84000312,,,,,
,,,,,84000313,,,,,
,,,,,84000321,,,,,
,,,,,84000322,,,,,
,,,,,84000411,,,,,
,,,,,84000412,,,,,
,,,,,84000413,,,,,
,,,,,84000414,,,,,
,,,,,84000421,,,,,
,,,,,84000422,,,,,
,,,,,84000423,,,,,
,,,,,84000424,,,,,
,,,,,84000425,,,,,
,,,,,84000431,,,,,
,,,,,84000432,,,,,
,,,,,84000433,,,,,
,,,,,25300001,,,,,
,,,,,85000011,,,,,
,,,,,85000012,,,,,
,,,,,85000013,,,,,
,,,,,85000014,,,,,
,,,,,85000017,,,,,
,,,,,85000018,,,,,
,,,,,85000021,,,,,
,,,,,85000022,,,,,
,,,,,85000023,,,,,
,,,,,85000024,,,,,
,,,,,85000031,,,,,
,,,,,85000032,,,,,
,,,,,85000033,,,,,
,,,,,85000034,,,,,
,,,,,85000035,,,,,
,,,,,85000041,,,,,
,,,,,85000042,,,,,
,,,,,85000043,,,,,
,,,,,85000044,,,,,
,,,,,85000045,,,,,
,,,,,12900001,,,,,
,,,,,27300001,,,,,
,,,,,27300002,,,,,
,,,,,27300003,,,,,
,,,,,27300004,,,,,
,,,,,27300005,,,,,
,,,,,27300006,,,,,
,,,,,27300007,,,,,
,,,,,27300008,,,,,
,,,,,6380001,,,,,
,,,,,6380002,,,,,
,,,,,6380003,,,,,
,,,,,6380004,,,,,
,,,,,27200001,,,,,
,,,,,27200003,,,,,
,,,,,27200004,,,,,
,,,,,27200008,,,,,
,,,,,12240001,,,,,
,,,,,12240002,,,,,
,,,,,12240003,,,,,
,,,,,12240004,,,,,
,,,,,97000011,,,,,
,,,,,97000012,,,,,
,,,,,97000013,,,,,
,,,,,97000014,,,,,
,,,,,97000015,,,,,
,,,,,97000021,,,,,
,,,,,97000022,,,,,
,,,,,97000023,,,,,
,,,,,97000024,,,,,
,,,,,97000031,,,,,
,,,,,97000032,,,,,
,,,,,97000033,,,,,
,,,,,97000034,,,,,
,,,,,69000011,,,,,
,,,,,69000012,,,,,
,,,,,69000013,,,,,
,,,,,69000014,,,,,
,,,,,69000015,,,,,
,,,,,69000016,,,,,
,,,,,69000021,,,,,
,,,,,69000022,,,,,
,,,,,69000031,,,,,
,,,,,69000032,,,,,
,,,,,69000033,,,,,
,,,,,69000034,,,,,
,,,,,69000035,,,,,
,,,,,69000036,,,,,
,,,,,69000037,,,,,
,,,,,69000041,,,,,
,,,,,69000042,,,,,
,,,,,69000043,,,,,
,,,,,69000044,,,,,
,,,,,69000045,,,,,
,,,,,69000051,,,,,
,,,,,69000052,,,,,
,,,,,69000053,,,,,
,,,,,69000054,,,,,
,,,,,69000055,,,,,
,,,,,69000056,,,,,
,,,,,87000011,,,,,
,,,,,87000012,,,,,
,,,,,87000013,,,,,
,,,,,87000014,,,,,
,,,,,87000015,,,,,
,,,,,87000016,,,,,
,,,,,87000017,,,,,
,,,,,87000018,,,,,
,,,,,87000019,,,,,
,,,,,87000021,,,,,
,,,,,87000022,,,,,
,,,,,87000023,,,,,
,,,,,87000024,,,,,
,,,,,87000025,,,,,
,,,,,87000026,,,,,
,,,,,87000027,,,,,
,,,,,87000028,,,,,
,,,,,87000031,,,,,
,,,,,87000032,,,,,
,,,,,87000033,,,,,
,,,,,87000034,,,,,
,,,,,87000035,,,,,
,,,,,87000036,,,,,
,,,,,6270001,,,,,
,,,,,6330001,,,,,
,,,,,6340001,,,,,
,,,,,6340002,,,,,
,,,,,6340003,,,,,
,,,,,6340004,,,,,
,,,,,26400010,,,,,
,,,,,74000111,,,,,
,,,,,74000112,,,,,
,,,,,74000113,,,,,
,,,,,74000114,,,,,
,,,,,74000115,,,,,
,,,,,74000116,,,,,
,,,,,74000117,,,,,
,,,,,74000121,,,,,
,,,,,74000122,,,,,
,,,,,74000123,,,,,
,,,,,74000211,,,,,
,,,,,74000212,,,,,
,,,,,74000213,,,,,
,,,,,74000221,,,,,
,,,,,74000222,,,,,
,,,,,74000223,,,,,
,,,,,74000231,,,,,
,,,,,74000232,,,,,
,,,,,74000233,,,,,
,,,,,74000241,,,,,
,,,,,74000242,,,,,
,,,,,74000243,,,,,
,,,,,74000311,,,,,
,,,,,74000312,,,,,
,,,,,74000313,,,,,
,,,,,74000321,,,,,
,,,,,74000322,,,,,
,,,,,74000323,,,,,
,,,,,74000324,,,,,
,,,,,74000331,,,,,
,,,,,74000332,,,,,
,,,,,74000333,,,,,
,,,,,74000334,,,,,
,,,,,74000341,,,,,
,,,,,74000342,,,,,
,,,,,74000343,,,,,
,,,,,74000351,,,,,
,,,,,74000352,,,,,
,,,,,74000353,,,,,
,,,,,74000354,,,,,
,,,,,74000355,,,,,
,,,,,74000411,,,,,
,,,,,74000412,,,,,
,,,,,74000413,,,,,
,,,,,74000414,,,,,
,,,,,74000421,,,,,
,,,,,74000422,,,,,
,,,,,74000431,,,,,
,,,,,74000432,,,,,
,,,,,74000511,,,,,
,,,,,74000512,,,,,
,,,,,74000513,,,,,
,,,,,74000521,,,,,
,,,,,74000522,,,,,
,,,,,74000523,,,,,
,,,,,74000531,,,,,
,,,,,74000532,,,,,
,,,,,74000533,,,,,
,,,,,74000534,,,,,
,,,,,79000111,,,,,
,,,,,79000112,,,,,
,,,,,79000113,,,,,
,,,,,79000114,,,,,
,,,,,79000115,,,,,
,,,,,79000121,,,,,
,,,,,79000122,,,,,
,,,,,79000123,,,,,
,,,,,79000124,,,,,
,,,,,79000125,,,,,
,,,,,79000126,,,,,
,,,,,79000127,,,,,
,,,,,79000128,,,,,
,,,,,79000129,,,,,
,,,,,79000131,,,,,
,,,,,79000132,,,,,
,,,,,79000133,,,,,
,,,,,79000134,,,,,
,,,,,79000141,,,,,
,,,,,79000142,,,,,
,,,,,79000143,,,,,
,,,,,79000144,,,,,
,,,,,79000145,,,,,
,,,,,79000146,,,,,
,,,,,79000211,,,,,
,,,,,79000212,,,,,
,,,,,79000213,,,,,
,,,,,79000214,,,,,
,,,,,79000221,,,,,
,,,,,79000222,,,,,
,,,,,79000223,,,,,
,,,,,79000224,,,,,
,,,,,79000231,,,,,
,,,,,79000232,,,,,
,,,,,79000233,,,,,
,,,,,79000234,,,,,
,,,,,79000235,,,,,
,,,,,79000236,,,,,
,,,,,79000311,,,,,
,,,,,79000312,,,,,
,,,,,79000313,,,,,
,,,,,79000321,,,,,
,,,,,79000322,,,,,
,,,,,79000323,,,,,
,,,,,79000324,,,,,
,,,,,79000411,,,,,
,,,,,79000412,,,,,
,,,,,79000413,,,,,
,,,,,79000414,,,,,
,,,,,79000415,,,,,
,,,,,79000421,,,,,
,,,,,79000422,,,,,
,,,,,79000423,,,,,
,,,,,79000424,,,,,
,,,,,79000431,,,,,
,,,,,79000432,,,,,
,,,,,79000433,,,,,
,,,,,79000434,,,,,
,,,,,79000511,,,,,
,,,,,79000512,,,,,
,,,,,79000513,,,,,
,,,,,79000514,,,,,
,,,,,79000515,,,,,
,,,,,79000516,,,,,
,,,,,79000521,,,,,
,,,,,79000522,,,,,
,,,,,79000523,,,,,
,,,,,79000524,,,,,
,,,,,13090001,,,,,
,,,,,13090002,,,,,
,,,,,13090003,,,,,
,,,,,13090004,,,,,
,,,,,13090005,,,,,
,,,,,13090006,,,,,
,,,,,13090007,,,,,
,,,,,26400001,,,,,
,,,,,26400002,,,,,
,,,,,26400003,,,,,
,,,,,26400004,,,,,
,,,,,26400005,,,,,
,,,,,26400006,,,,,
,,,,,26400007,,,,,
,,,,,26400008,,,,,
,,,,,26400009,,,,,
,,,,,26400011,,,,,
,,,,,26400012,,,,,
,,,,,26400013,,,,,
,,,,,13040001,,,,,
,,,,,13040002,,,,,
,,,,,13040003,,,,,
,,,,,13040004,,,,,
,,,,,1820001,,,,,
,,,,,1680001,,,,,
,,,,,1680002,,,,,
,,,,,1680003,,,,,
,,,,,1710001,,,,,
,,,,,1950001,,,,,
,,,,,1950002,,,,,
,,,,,1950003,,,,,
,,,,,1950004,,,,,
,,,,,1950005,,,,,
,,,,,1540001,,,,,
,,,,,89000001,,,,,
,,,,,89000002,,,,,
,,,,,89000003,,,,,
,,,,,89000004,,,,,
,,,,,89000005,,,,,
,,,,,89000006,,,,,
,,,,,89000007,,,,,
,,,,,89000008,,,,,
,,,,,5040001,,,,,
,,,,,5380001,,,,,
,,,,,11390011,,,,,
,,,,,11390012,,,,,
,,,,,11390013,,,,,
,,,,,11390014,,,,,
,,,,,11390021,,,,,
,,,,,11390022,,,,,
,,,,,11390023,,,,,
,,,,,11390024,,,,,
,,,,,11390031,,,,,
,,,,,11390032,,,,,
,,,,,11390033,,,,,
,,,,,11390034,,,,,
,,,,,11390035,,,,,
,,,,,5250001,,,,,
,,,,,5430001,,,,,
,,,,,4830001,,,,,
,,,,,4900001,,,,,
,,,,,4900002,,,,,
,,,,,5160001,,,,,
,,,,,5160002,,,,,
,,,,,5220001,,,,,
,,,,,5220003,,,,,
,,,,,4920001,,,,,
,,,,,5050001,,,,,
,,,,,5100001,,,,,
,,,,,5100002,,,,,
,,,,,5100003,,,,,
,,,,,5100004,,,,,
,,,,,75000001,,,,,
,,,,,75000002,,,,,
,,,,,75000003,,,,,
,,,,,75000004,,,,,
,,,,,75000005,,,,,
,,,,,75000006,,,,,
,,,,,75000007,,,,,
,,,,,5310001,,,,,
,,,,,5310003,,,,,
,,,,,5310004,,,,,
,,,,,5290001,,,,,
,,,,,5290003,,,,,
,,,,,9980001,,,,,
,,,,,88000001,,,,,
,,,,,88000002,,,,,
,,,,,88000003,,,,,
,,,,,88000004,,,,,
,,,,,88000005,,,,,
,,,,,88000006,,,,,
,,,,,88000007,,,,,
,,,,,88000008,,,,,
,,,,,88000009,,,,,
,,,,,88000010,,,,,
,,,,,40010001,,,,,
,,,,,42010001,,,,,
,,,,,42030001,,,,,
,,,,,45020001,,,,,
,,,,,41000001,,,,,
,,,,,4820001,,,,,
,,,,,67000011,,,,,
,,,,,67000012,,,,,
,,,,,67000013,,,,,
,,,,,67000014,,,,,
,,,,,67000015,,,,,
,,,,,67000021,,,,,
,,,,,67000022,,,,,
,,,,,67000023,,,,,
,,,,,67000024,,,,,
,,,,,67000025,,,,,
,,,,,67000031,,,,,
,,,,,67000032,,,,,
,,,,,67000033,,,,,
,,,,,67000034,,,,,
,,,,,67000035,,,,,
,,,,,67000036,,,,,
,,,,,460001,,,,,
,,,,,5080001,,,,,
,,,,,4810001,,,,,
,,,,,4810002,,,,,
,,,,,4810003,,,,,
,,,,,4810004,,,,,
,,,,,4810005,,,,,
,,,,,650001,,,,,
,,,,,5300001,,,,,
,,,,,20340001,,,,,
,,,,,9620001,,,,,
,,,,,290001,,,,,
,,,,,2400001,,,,,
,,,,,260001,,,,,
,,,,,4960001,,,,,
,,,,,12950001,,,,,
,,,,,12960001,,,,,
,,,,,12630001,,,,,
,,,,,5180001,,,,,
,,,,,10630001,,,,,
,,,,,10630002,,,,,
,,,,,10630003,,,,,
,,,,,10630004,,,,,
,,,,,10630005,,,,,
,,,,,10630006,,,,,
,,,,,5350001,,,,,
,,,,,5360001,,,,,
,,,,,4870001,,,,,
,,,,,80000001,,,,,
,,,,,80000002,,,,,
,,,,,80000003,,,,,
,,,,,80000004,,,,,
,,,,,80000005,,,,,
,,,,,80000006,,,,,
,,,,,80000007,,,,,
,,,,,80000008,,,,,
,,,,,80000010,,,,,
,,,,,80000011,,,,,
,,,,,430001,,,,,
,,,,,45010001,,,,,
,,,,,28000001,,,,,
,,,,,28000002,,,,,
,,,,,28000003,,,,,
,,,,,28000004,,,,,
,,,,,28000005,,,,,
,,,,,28000006,,,,,
,,,,,28000007,,,,,
,,,,,28000008,,,,,
,,,,,28000009,,,,,
,,,,,28000010,,,,,
,,,,,92000001,,,,,
,,,,,92000002,,,,,
,,,,,92000003,,,,,
,,,,,92000004,,,,,
,,,,,4980001,,,,,
,,,,,4980002,,,,,
,,,,,4980003,,,,,
,,,,,5090001,,,,,
,,,,,5090002,,,,,
,,,,,5090004,,,,,
,,,,,5090005,,,,,
,,,,,5200001,,,,,
,,,,,10610011,,,,,
,,,,,10610021,,,,,
,,,,,9750001,,,,,
,,,,,2400002,,,,,
,,,,,2400003,,,,,
,,,,,2400004,,,,,
,,,,,2400005,,,,,
,,,,,2400006,,,,,
,,,,,2400007,,,,,
,,,,,9780001,,,,,
,,,,,8740001,,,,,
,,,,,8740002,,,,,
,,,,,8740003,,,,,
,,,,,8740004,,,,,
,,,,,8740005,,,,,
,,,,,8740006,,,,,
,,,,,8740007,,,,,
,,,,,8740008,,,,,
,,,,,8740009,,,,,
,,,,,1220001,,,,,
,,,,,10610012,,,,,
,,,,,10610013,,,,,
,,,,,10610022,,,,,
,,,,,10610023,,,,,
,,,,,10610024,,,,,
,,,,,10610025,,,,,
,,,,,10610031,,,,,
,,,,,10610032,,,,,
,,,,,10610033,,,,,
,,,,,10610034,,,,,
,,,,,10610041,,,,,
,,,,,10610042,,,,,
,,,,,10610043,,,,,
,,,,,5320001,,,,,
,,,,,5320002,,,,,
,,,,,5320003,,,,,
,,,,,4990001,,,,,
,,,,,4990002,,,,,
,,,,,4990003,,,,,
,,,,,4990004,,,,,
,,,,,4990005,,,,,
,,,,,73000011,,,,,
,,,,,73000012,,,,,
,,,,,73000013,,,,,
,,,,,73000014,,,,,
,,,,,73000015,,,,,
,,,,,73000021,,,,,
,,,,,73000022,,,,,
,,,,,73000023,,,,,
,,,,,73000031,,,,,
,,,,,73000032,,,,,
,,,,,73000033,,,,,
,,,,,73000034,,,,,
,,,,,73000035,,,,,
,,,,,73000041,,,,,
,,,,,73000042,,,,,
,,,,,73000043,,,,,
,,,,,73000044,,,,,
,,,,,73000045,,,,,
,,,,,5110001,,,,,
,,,,,5420001,,,,,
,,,,,5420002,,,,,
,,,,,5420003,,,,,
,,,,,5420004,,,,,
,,,,,4890001,,,,,
,,,,,77000011,,,,,
,,,,,77000012,,,,,
,,,,,77000013,,,,,
,,,,,77000014,,,,,
,,,,,77000015,,,,,
,,,,,77000016,,,,,
,,,,,77000017,,,,,
,,,,,77000018,,,,,
,,,,,77000021,,,,,
,,,,,77000022,,,,,
,,,,,77000023,,,,,
,,,,,77000024,,,,,
,,,,,77000025,,,,,
,,,,,77000026,,,,,
,,,,,9130001,,,,,
,,,,,4780001,,,,,
,,,,,4780002,,,,,
,,,,,470001,,,,,
,,,,,36110001,,,,,
,,,,,36160001,,,,,
,,,,,36160002,,,,,
,,,,,36160003,,,,,
,,,,,36160004,,,,,
,,,,,36160005,,,,,
,,,,,36160006,,,,,
,,,,,36160007,,,,,
,,,,,36160008,,,,,
,,,,,36160009,,,,,
,,,,,36160010,,,,,
,,,,,36500001,,,,,
,,,,,37800001,,,,,
,,,,,37800002,,,,,
,,,,,37800003,,,,,
,,,,,37800004,,,,,
,,,,,37800005,,,,,
,,,,,37800006,,,,,
,,,,,37800007,,,,,
,,,,,37800008,,,,,
,,,,,37600001,,,,,
,,,,,37500001,,,,,
,,,,,35600001,,,,,
,,,,,35700001,,,,,
,,,,,35700002,,,,,
,,,,,35700003,,,,,
,,,,,35700004,,,,,
,,,,,35700005,,,,,
,,,,,36600001,,,,,
,,,,,35570001,,,,,
,,,,,36400001,,,,,
,,,,,35740001,,,,,
,,,,,36080001,,,,,
,,,,,36520001,,,,,
,,,,,37970002,,,,,
,,,,,37970003,,,,,
,,,,,37970004,,,,,
,,,,,37970005,,,,,
,,,,,37970006,,,,,
,,,,,37970007,,,,,
,,,,,37970008,,,,,
,,,,,37970009,,,,,
,,,,,37970010,,,,,
,,,,,62000111,,,,,
,,,,,62000114,,,,,
,,,,,66000613,,,,,
,,,,,66000621,,,,,
,,,,,66000623,,,,,
,,,,,66000625,,,,,
,,,,,61000111,,,,,
,,,,,61000112,,,,,
,,,,,61000113,,,,,
,,,,,61000114,,,,,
,,,,,61000115,,,,,
,,,,,61000116,,,,,
,,,,,61000117,,,,,
,,,,,61000121,,,,,
,,,,,61000122,,,,,
,,,,,61000123,,,,,
,,,,,61000211,,,,,
,,,,,61000212,,,,,
,,,,,61000213,,,,,
,,,,,61000214,,,,,
,,,,,61000221,,,,,
,,,,,61000222,,,,,
,,,,,61000223,,,,,
,,,,,61000231,,,,,
,,,,,61000232,,,,,
,,,,,61000233,,,,,
,,,,,61000311,,,,,
,,,,,61000312,,,,,
,,,,,61000313,,,,,
,,,,,61000314,,,,,
,,,,,61000315,,,,,
,,,,,61000321,,,,,
,,,,,61000322,,,,,
,,,,,61000323,,,,,
,,,,,61000411,,,,,
,,,,,61000412,,,,,
,,,,,61000413,,,,,
,,,,,61000414,,,,,
,,,,,61000415,,,,,
,,,,,61000421,,,,,
,,,,,61000422,,,,,
,,,,,61000423,,,,,
,,,,,61000424,,,,,
,,,,,61000425,,,,,
,,,,,61000426,,,,,
,,,,,61000427,,,,,
,,,,,63000011,,,,,
,,,,,63000012,,,,,
,,,,,63000033,,,,,
,,,,,63000034,,,,,
,,,,,63000041,,,,,
,,,,,63000043,,,,,
,,,,,86000112,,,,,
,,,,,86000113,,,,,
,,,,,86000114,,,,,
,,,,,86000115,,,,,
,,,,,86000116,,,,,
,,,,,86000121,,,,,
,,,,,86000122,,,,,
,,,,,86000123,,,,,
,,,,,86000124,,,,,
,,,,,86000125,,,,,
,,,,,86000131,,,,,
,,,,,86000132,,,,,
,,,,,86000133,,,,,
,,,,,86000134,,,,,
,,,,,86000135,,,,,
,,,,,86000136,,,,,
,,,,,86000137,,,,,
,,,,,86000138,,,,,
,,,,,86000211,,,,,
,,,,,86000212,,,,,
,,,,,86000213,,,,,
,,,,,86000214,,,,,
,,,,,86000215,,,,,
,,,,,86000216,,,,,
,,,,,86000221,,,,,
,,,,,86000222,,,,,
,,,,,86000223,,,,,
,,,,,86000224,,,,,
,,,,,86000225,,,,,
,,,,,86000311,,,,,
,,,,,86000312,,,,,
,,,,,86000313,,,,,
,,,,,86000314,,,,,
,,,,,86000321,,,,,
,,,,,86000322,,,,,
,,,,,86000323,,,,,
,,,,,86000324,,,,,
,,,,,86000325,,,,,
,,,,,86000412,,,,,
,,,,,86000416,,,,,
,,,,,86000417,,,,,
,,,,,86000418,,,,,
,,,,,50000224,,,,,
,,,,,50000922,,,,,
,,,,,63000013,,,,,
,,,,,63000021,,,,,
,,,,,63000022,,,,,
,,,,,63000023,,,,,
,,,,,63000031,,,,,
,,,,,63000032,,,,,
,,,,,63000042,,,,,
,,,,,63000044,,,,,
,,,,,50000911,,,,,
,,,,,50000912,,,,,
,,,,,24000001,,,,,
,,,,,24000002,,,,,
,,,,,24000003,,,,,
,,,,,24000004,,,,,
,,,,,24000005,,,,,
,,,,,24000006,,,,,
,,,,,24000007,,,,,
,,,,,24000008,,,,,
,,,,,24000009,,,,,
,,,,,24000010,,,,,
,,,,,24000011,,,,,
,,,,,24000012,,,,,
,,,,,24000013,,,,,
,,,,,6810001,,,,,
,,,,,6810002,,,,,
,,,,,6810003,,,,,
,,,,,6810004,,,,,
,,,,,6810005,,,,,
,,,,,6810006,,,,,
,,,,,2290001,,,,,
,,,,,2290002,,,,,
,,,,,2290003,,,,,
,,,,,94000001,,,,,
,,,,,94000002,,,,,
,,,,,94000003,,,,,
,,,,,94000004,,,,,
,,,,,94000005,,,,,
,,,,,94000006,,,,,
,,,,,94000007,,,,,
,,,,,94000008,,,,,
,,,,,5870001,,,,,
,,,,,26200001,,,,,
,,,,,26200002,,,,,
,,,,,26200003,,,,,
,,,,,26200004,,,,,
,,,,,26200005,,,,,
,,,,,26200006,,,,,
,,,,,26200007,,,,,
,,,,,26200008,,,,,
,,,,,86000414,,,,,
,,,,,86000415,,,,,
,,,,,62000112,,,,,
,,,,,62000113,,,,,
,,,,,62000115,,,,,
,,,,,62000212,,,,,
,,,,,62000213,,,,,
,,,,,62000214,,,,,
,,,,,62000215,,,,,
,,,,,62000217,,,,,
,,,,,62000221,,,,,
,,,,,62000222,,,,,
,,,,,62000223,,,,,
,,,,,62000224,,,,,
,,,,,62000225,,,,,
,,,,,62000226,,,,,
,,,,,62000227,,,,,
,,,,,62000311,,,,,
,,,,,62000312,,,,,
,,,,,62000313,,,,,
,,,,,62000314,,,,,
,,,,,62000315,,,,,
,,,,,62000316,,,,,
,,,,,62000321,,,,,
,,,,,62000322,,,,,
,,,,,62000411,,,,,
,,,,,62000412,,,,,
,,,,,62000413,,,,,
,,,,,62000421,,,,,
,,,,,62000422,,,,,
,,,,,62000423,,,,,
,,,,,62000511,,,,,
,,,,,62000512,,,,,
,,,,,62000513,,,,,
,,,,,62000514,,,,,
,,,,,62000521,,,,,
,,,,,62000522,,,,,
,,,,,62000523,,,,,
,,,,,66000513,,,,,
,,,,,66000626,,,,,
,,,,,50000215,,,,,
,,,,,50000626,,,,,
,,,,,50000746,,,,,
,,,,,50000747,,,,,
,,,,,50000816,,,,,
,,,,,50000823,,,,,
,,,,,50000913,,,,,
,,,,,50000914,,,,,
,,,,,50000915,,,,,
,,,,,50000916,,,,,
,,,,,50000921,,,,,
,,,,,50000923,,,,,
,,,,,50000924,,,,,
,,,,,50000925,,,,,
,,,,,50000926,,,,,
,,,,,50000927,,,,,
,,,,,50000928,,,,,
,,,,,50000929,,,,,
,,,,,50000931,,,,,
,,,,,50000932,,,,,
,,,,,50000933,,,,,
,,,,,50000934,,,,,
,,,,,50000935,,,,,
,,,,,50000936,,,,,
,,,,,50000937,,,,,
,,,,,50000941,,,,,
,,,,,50000942,,,,,
,,,,,50000943,,,,,
,,,,,50000944,,,,,
,,,,,50000945,,,,,
,,,,,50000946,,,,,
,,,,,50000947,,,,,
,,,,,5650001,,,,,
,,,,,5650002,,,,,
,,,,,5650003,,,,,
,,,,,66000111,,,,,
,,,,,66000112,,,,,
,,,,,66000113,,,,,
,,,,,66000114,,,,,
,,,,,66000115,,,,,
,,,,,66000211,,,,,
,,,,,66000212,,,,,
,,,,,66000213,,,,,
,,,,,66000214,,,,,
,,,,,66000215,,,,,
,,,,,66000216,,,,,
,,,,,66000221,,,,,
,,,,,66000222,,,,,
,,,,,66000223,,,,,
,,,,,66000224,,,,,
,,,,,66000225,,,,,
,,,,,66000311,,,,,
,,,,,66000312,,,,,
,,,,,66000313,,,,,
,,,,,66000314,,,,,
,,,,,66000321,,,,,
,,,,,66000322,,,,,
,,,,,66000323,,,,,
,,,,,66000324,,,,,
,,,,,66000331,,,,,
,,,,,66000332,,,,,
,,,,,66000333,,,,,
,,,,,66000334,,,,,
,,,,,66000335,,,,,
,,,,,66000411,,,,,
,,,,,66000412,,,,,
,,,,,66000413,,,,,
,,,,,66000414,,,,,
,,,,,66000415,,,,,
,,,,,66000416,,,,,
,,,,,66000421,,,,,
,,,,,66000422,,,,,
,,,,,66000423,,,,,
,,,,,66000424,,,,,
,,,,,66000425,,,,,
,,,,,66000426,,,,,
,,,,,66000427,,,,,
,,,,,66000511,,,,,
,,,,,66000512,,,,,
,,,,,66000514,,,,,
,,,,,66000521,,,,,
,,,,,66000522,,,,,
,,,,,66000523,,,,,
,,,,,66000611,,,,,
,,,,,66000612,,,,,
,,,,,66000614,,,,,
,,,,,66000615,,,,,
,,,,,66000622,,,,,
,,,,,66000624,,,,,
,,,,,50000744,,,,,
,,,,,50000748,,,,,
,,,,,50000531,,,,,
,,,,,50000533,,,,,
,,,,,50000552,,,,,
,,,,,50000711,,,,,
,,,,,50000712,,,,,
,,,,,50000713,,,,,
,,,,,50000714,,,,,
,,,,,50000715,,,,,
,,,,,50000721,,,,,
,,,,,50000722,,,,,
,,,,,50000723,,,,,
,,,,,50000724,,,,,
,,,,,50000725,,,,,
,,,,,50000731,,,,,
,,,,,50000732,,,,,
,,,,,50000733,,,,,
,,,,,50000734,,,,,
,,,,,50000735,,,,,
,,,,,50000736,,,,,
,,,,,50000743,,,,,
,,,,,50000745,,,,,
,,,,,50000811,,,,,
,,,,,50000812,,,,,
,,,,,50000813,,,,,
,,,,,50000814,,,,,
,,,,,50000821,,,,,
,,,,,50000822,,,,,
,,,,,50000825,,,,,
,,,,,50000826,,,,,
,,,,,50000831,,,,,
,,,,,50000832,,,,,
,,,,,50000833,,,,,
,,,,,50000557,,,,,
,,,,,50000815,,,,,
,,,,,50000824,,,,,
,,,,,64000011,,,,,
,,,,,64000012,,,,,
,,,,,64000013,,,,,
,,,,,64000021,,,,,
,,,,,64000022,,,,,
,,,,,64000023,,,,,
,,,,,64000024,,,,,
,,,,,64000031,,,,,
,,,,,64000032,,,,,
,,,,,64000033,,,,,
,,,,,64000034,,,,,
,,,,,64000035,,,,,
,,,,,64000041,,,,,
,,,,,64000042,,,,,
,,,,,64000043,,,,,
,,,,,64000044,,,,,
,,,,,64000051,,,,,
,,,,,64000052,,,,,
,,,,,64000053,,,,,
,,,,,64000054,,,,,
,,,,,64000055,,,,,
,,,,,64000056,,,,,
,,,,,64000057,,,,,
,,,,,64000061,,,,,
,,,,,64000062,,,,,
,,,,,64000063,,,,,
,,,,,64000064,,,,,
,,,,,64000065,,,,,
,,,,,64000066,,,,,
,,,,,2670001,,,,,
,,,,,26500011,,,,,
,,,,,26500013,,,,,
,,,,,26500014,,,,,
,,,,,26500021,,,,,
,,,,,26500022,,,,,
,,,,,26500023,,,,,
,,,,,26500024,,,,,
,,,,,26500031,,,,,
,,,,,26500032,,,,,
,,,,,26500033,,,,,
,,,,,26500034,,,,,
,,,,,26500036,,,,,
,,,,,26500037,,,,,
,,,,,50000113,,,,,
,,,,,50000114,,,,,
,,,,,50000117,,,,,
,,,,,50000122,,,,,
,,,,,50000124,,,,,
,,,,,50000136,,,,,
,,,,,50000212,,,,,
,,,,,50000214,,,,,
,,,,,50000221,,,,,
,,,,,50000226,,,,,
,,,,,50000232,,,,,
,,,,,50000233,,,,,
,,,,,50000234,,,,,
,,,,,50000311,,,,,
,,,,,50000312,,,,,
,,,,,50000313,,,,,
,,,,,50000314,,,,,
,,,,,50000315,,,,,
,,,,,50000316,,,,,
,,,,,50000317,,,,,
,,,,,50000321,,,,,
,,,,,50000322,,,,,
,,,,,50000323,,,,,
,,,,,50000324,,,,,
,,,,,50000325,,,,,
,,,,,50000326,,,,,
,,,,,50000333,,,,,
,,,,,50000334,,,,,
,,,,,50000335,,,,,
,,,,,50000336,,,,,
,,,,,50000337,,,,,
,,,,,50000338,,,,,
,,,,,50000341,,,,,
,,,,,50000342,,,,,
,,,,,50000343,,,,,
,,,,,50000344,,,,,
,,,,,50000345,,,,,
,,,,,50000346,,,,,
,,,,,50000347,,,,,
,,,,,50000348,,,,,
,,,,,50000349,,,,,
,,,,,50000412,,,,,
,,,,,50000413,,,,,
,,,,,50000414,,,,,
,,,,,50000415,,,,,
,,,,,50000421,,,,,
,,,,,50000422,,,,,
,,,,,50000423,,,,,
,,,,,50000424,,,,,
,,,,,50000427,,,,,
,,,,,50000431,,,,,
,,,,,50000432,,,,,
,,,,,50000433,,,,,
,,,,,50000434,,,,,
,,,,,50000435,,,,,
,,,,,50000436,,,,,
,,,,,50000437,,,,,
,,,,,50000511,,,,,
,,,,,50000512,,,,,
,,,,,50000513,,,,,
,,,,,50000514,,,,,
,,,,,50000515,,,,,
,,,,,50000516,,,,,
,,,,,50000517,,,,,
,,,,,50000521,,,,,
,,,,,50000522,,,,,
,,,,,50000523,,,,,
,,,,,50000532,,,,,
,,,,,50000541,,,,,
,,,,,50000542,,,,,
,,,,,50000543,,,,,
,,,,,50000544,,,,,
,,,,,50000554,,,,,
,,,,,50000555,,,,,
,,,,,50000611,,,,,
,,,,,50000612,,,,,
,,,,,50000613,,,,,
,,,,,50000621,,,,,
,,,,,50000115,,,,,
,,,,,50000121,,,,,
,,,,,50000123,,,,,
,,,,,50000125,,,,,
,,,,,50000131,,,,,
,,,,,50000132,,,,,
,,,,,50000133,,,,,
,,,,,50000134,,,,,
,,,,,50000135,,,,,
,,,,,50000211,,,,,
,,,,,50000213,,,,,
,,,,,50000216,,,,,
,,,,,50000222,,,,,
,,,,,50000223,,,,,
,,,,,50000225,,,,,
,,,,,50000231,,,,,
,,,,,50000235,,,,,
,,,,,50000411,,,,,
,,,,,30001111,,,,,
